지점번호,지점명,지점주소,관리관서,위도,경도
3,선봉,,,42.3167,130.4
5,삼지연,,,41.8167,128.3167
8,청진,,,41.7833,129.8167
12,안면도(감),,,36.5333,126.3167
13,고산센터,,,33.3,126.16
14,중강,,,41.7833,126.8833
16,혜산,,,41.4,128.1667
20,강계,,,40.9667,126.6
22,풍산,,,40.8167,128.15
25,김책,,,40.6667,129.2
28,수풍,,,40.45,124.9333
31,장진,,,40.3667,127.25
35,신의주,,,40.1,124.3833
37,구성,,,39.9833,125.25
39,희천,,,40.1667,126.25
41,함흥,,,39.9333,127.55
46,신포,,,40.0333,128.1833
50,안주,,,39.6167,125.65
52,양덕,,,39.1667,126.8333
55,원산,,,39.1833,127.4333
58,평양,,,39.0333,125.7833
60,남포,,,38.7167,125.3667
61,장전,,,38.7333,128.1833
65,사리원,,,38.5167,125.7667
67,신계,,,38.5,126.5333
68,용연,,,38.2,124.8833
69,해주,,,38.0333,125.7
70,개성,,,37.9667,126.5667
75,평강,,,38.4,127.3
90,속초,강원특별자치도 고성군토성면 봉포5길9 속초자동기상관측소,강릉(구 105),38.2509,128.5647
92,양양공항,,,38.0667,128.6667
93,북춘천,강원특별자치도 춘천시신북읍 산천리264(장본1길 12) 춘천기상대,춘천기상대(101),37.9475,127.7547
94,광덕산,춘천기상대(101),,38.1172,127.4333
95,철원,강원특별자치도 철원군갈말읍 명성로179번길 26 철원자동기상관측소,춘천기상대(101),38.1479,127.3042
96,독도,경상북도 울릉군울릉읍 독도이사부길63,울릉도기상대(115),37.2395,131.8698
98,동두천,경기도 동두천시방죽로 16-47동두천서비스센터,수도권기상청(119),37.9019,127.0607
99,파주,경기도 파주시문산읍 마정로46-29(파주기상대),수도권기상청(119),37.8859,126.7665
100,대관령,강원특별자치도 평창군대관령면 경강로5372 대관령자동기상관측소,대관령기상대(100),37.6771,128.7183
101,춘천,강원특별자치도 춘천시충열로 91번길12 춘천자동기상관측소,춘천기상대(101),37.9026,127.7357
102,백령도,인천광역시 옹진군백령면 진촌리1031,백령도기상대(102),37.974,124.7124
104,북강릉,강원특별자치도 강릉시사천면 과학단지로130 강원지방기상청,강릉(구 105),37.8046,128.8554
105,강릉,강원특별자치도 강릉시용강동 63-20강릉자동기상관측소,강릉(구 105),37.7515,128.891
106,동해,강원특별자치도 동해시중앙로 31동해자동기상관측소,동해기상대(106),37.5071,129.1243
108,서울,서울특별시 종로구송월길 52서울기상관측소,,37.5714,126.9658
110,김포공항,,,37.5569,126.7975
112,인천,인천광역시 중구 자유공원서로 61인천기상대(전동),인천기상대(112),37.4777,126.6249
113,인천공항,,,37.4625,126.4392
114,원주,강원특별자치도 원주시단구로 159원주자동기상관측소,원주기상대(114),37.3375,127.9466
115,울릉도독도(감),경상북도 울릉군울릉읍 무릉길227-75 울릉도관측소,,37.4813,130.8986
116,관악산,경기도 과천시중앙로 관악산길(관악산기상레이더관측소),,37.4453,126.964
119,수원,경기도 수원시권선구 권선로276,,37.2723,126.9853
121,영월,강원특별자치도 영월군영월읍 영월로 1894-25 영월자동기상관측소,춘천기상대(101),37.1813,128.4574
127,충주,충청북도 충주시안림로 55(안림동 521-5번지),청주기상대(131),36.9705,127.9525
129,,,,,
129,서산(농),충청남도 서산시수석1길 124-1,,36.7737,126.4959
130,울진,경상북도 울진군울진읍 현내항길157 울진지역기상서비스센터,안동기상대(136),36.9918,129.4128
131,청주,충청북도 청주시흥덕구 공단로76 청주기상지청,청주기상대(131),36.6392,127.4407
133,대전,대전광역시 유성구대학로 383(대전광역시 유성구 구성동22),대전지방기상청(133),36.372,127.3721
135,추풍령,충청북도 영동군추풍령면 관리길25-15 추풍령지역기상서비스센터,청주기상대(131),36.2203,127.9946
136,안동,경상북도 안동시열루재1길 16(운안동433-1) 안동기상대,안동기상대(136),36.5729,128.7073
137,상주,경상북도 상주시남산2길 322상주지역기상서비스센터,대구(구 143),36.4084,128.1574
138,포항,경상북도 포항시남구 송도로70 포항관측소,포항기상대(138),36.032,129.38
140,군산,전북특별자치도 군산시 거척길 3-60군산기상대 (내흥동),전주기상대(146),36.0053,126.7614
143,대구,대구광역시 동구 효동로2길 10대구지방기상청 (효목동),대구(구 143),35.8852,128.619
144,군산(레),군산기상대(140),,36.0123,126.7834
146,전주,전북특별자치도 전주시덕진구 상가마을길25 전주기상지청,전주기상대(146),35.8409,127.1172
151,울산공항,,,35.5933,129.3522
152,울산,울산광역시 중구 달빛로 65-26울산기상대 (약사동),울산기상대(152),35.5824,129.3347
155,창원,경상남도 창원시마산합포구 가포순환로172 창원기상대,창원기상대(155),35.1702,128.5728
156,광주,광주광역시 북구 서암대로 71광주지방기상청 (운암동),광주지방기상청(156),35.1729,126.8916
159,부산,부산광역시 중구복병산길 32번길 5-11 부산기상관측소 (대청동1가),부산지방기상청(159),35.1047,129.032
160,부산(레),부산광역시 서구서대신동3가 산32-10,부산지방기상청(159),35.1188,
162,통영,경상남도 통영시 망일1길 67통영자동기상관측소(정량동),부산지방기상청(159),34.8454,128.4356
163,무안공항,,,34.9914,126.3831
164,무안,,,35.0938,126.2851
165,목포,전라남도 목포시연산동 726-3번지목포기상대,목포기상대(165),34.8173,126.3815
167,여수공항,,,34.8467,127.6125
168,여수,전라남도 여수시고소동 304,여수기상대(168),34.7393,127.7406
169,흑산도,전라남도 신안군흑산면 예리3길 21-90 흑산도관측소,흑산도기상대(169),34.6872,125.4511
170,완도,전라남도 완도군군외면 청해진로795-3 (불목리 26),목포기상대(165),34.3959,126.7018
172,고창,전북특별자치도 고창군 대산면 칠거리로 70고창기상대,전주기상대(146),35.3482,126.599
174,순천,전라남도 순천시승주읍 평중리230번지 순천지역기상서비스센터,광주지방기상청(156),35.0204,127.3694
175,진도(레),전라남도 진도군의신면 운림산방로527-209,목포기상대(165),34.4721,126.3238
176,대구(기),대구기상대(176),,35.8782,128.6522
177,홍성,충청남도 홍성군홍북읍 신경리872(홍성기상대),,36.6576,126.6877
181,서청주,청주기상대(131),,36.64,127.3847
182,제주공항,,,33.5167,126.5
184,제주,제주특별자치도 제주시만덕로 6길 32 제주지방기상청,제주지방기상청(184),33.5141,126.5297
185,고산,제주특별자치도 제주시한경면 노을해안로1013-70 고산레이더관측소,제주지방기상청(184),33.2938,126.1628
187,성산,,,33.3868,126.8804
189,서귀포,제주특별자치도 서귀포시태평로 439번길17 서귀포관측소,제주지방기상청(184),33.2462,126.5653
192,진주,경상남도 진주시 남강로 43진주자동기상관측소(평거동),창원기상대(155),35.1638,128.04
201,강화,인천광역시 강화군불은면 삼성리811-1 강화기상관측소,인천기상대(112),37.7074,126.4463
202,양평,경기도 양평군 양평읍 시민로20번길 14-1양평자동기상관측소,수도권기상청(119),37.4886,127.4945
203,이천,경기도 이천시부발읍 대산로546번길 8 이천기상서비스센터,수도권기상청(119),37.264,127.4842
211,인제,강원특별자치도 인제군인제읍 비봉로44번길 93 인제자동기상관측소,인제자동기상관측소(211),38.0599,128.1671
212,홍천,강원특별자치도 홍천군홍천읍 연봉동로27 홍천자동기상관측소,춘천기상대(101),37.6836,127.8804
214,삼척,,,37.3667,129.2167
216,태백,강원특별자치도 태백시문예1길 45태백자동기상관측소,태백자동기상관측소(216),37.1704,128.9893
217,정선군,강원특별자치도 정선군정선읍 애산리 498-21,강릉(구 105),37.3773,128.6735
221,제천,충청북도 제천시대학로 123(신월동 348번지) 제천기상관측소,청주기상대(131),37.1593,128.1943
226,보은,충청북도 보은군보은읍 성주길57 보은자동기상관측소,청주기상대(131),36.4876,127.7342
229,북격렬비도,충청남도 태안군근흥면 가의도리 511-1,대전지방기상청(133),36.6254,125.5595
230,덕적북리,인천광역시 옹진군덕적면 북리 490-8,인천기상대(112),37.2645,126.103
232,천안,충청남도 천안시동남구 병천면병천리 263-3(천안지역기상서비스센터),대전지방기상청(133),36.7624,127.2927
235,보령,충청남도 보령시대해로 450보령지역기상서비스센터,대전지방기상청(133),36.3272,126.5574
236,부여,충청남도 부여군부여읍 금성로63 부여기상관측소,대전지방기상청(133),36.2724,126.9208
238,금산,충청남도 금산군금산읍 비단로410-8 금산자동기상관측소,대전지방기상청(133),36.1056,127.4818
239,세종,세종특별자치시 세종로 905-22(새롬동 550) (새롬동),대전지방기상청(133),36.4852,127.2444
243,부안,전북특별자치도 부안군 행안면 변산로 42부안기상관측소,전주기상대(146),35.7296,126.7166
244,임실,전북특별자치도 임실군임실읍 운수로58임실자동기상관측소,전주기상대(146),35.612,127.2856
245,정읍,전북특별자치도 정읍시서부산업도로 168-43국립전북기상과학관,전주기상대(146),35.5634,126.839
247,남원,전북특별자치도 남원시춘향로 74-32남원지역기상서비스센터,전주기상대(146),35.4213,127.3965
248,장수,전북특별자치도 장수군 장수읍 장천로 277장수기상관측소,전주기상대(146),35.657,127.5203
251,고창군,전북특별자치도 고창군중거리당산로 74-12 상하수도사업소,전주기상대(146),35.4266,126.697
252,영광군,전라남도 영광군복호로 7영광군 현장방사능방재지휘센터,광주지방기상청(156),35.2837,126.4778
253,김해시,경상남도 김해시 분성로396번길 55부원동 121번지 (부원동),부산지방기상청(159),35.2298,128.8908
254,순창군,전북특별자치도 순창군순창읍 교성리258 순창군공설운동장,전주기상대(146),35.3713,127.1286
255,북창원,경상남도 창원시성산구 외동반림로93 외동배수지,창원기상대(155),35.2266,128.6726
256,주암,순천기상대(174),,35.075,127.2391
257,양산시,경상남도 양산시동면 강변로54 수질정화공원,울산기상대(152),35.3074,129.0201
258,보성군(농),전라남도 보성군득량면 예당리3046-2번지,,34.7634,127.2123
259,강진군,전라남도 강진군 강진읍 종합운동장길 58-8종합운동장 내 (군동면 호계리 733),목포기상대(165),34.6446,126.7841
260,장흥,전라남도 장흥군장흥읍 축내리271-11,목포기상대(165),34.6889,126.9195
261,해남,전라남도 해남군해남읍 남천리175-1 해남자동기상관측소,목포기상대(165),34.5538,126.5691
262,고흥,전라남도 고흥군고흥읍 행정리483-1번지,여수기상대(168),34.6183,127.2757
263,의령군,경상남도 의령군의합대로 44-54의령종합환경관리사업소,창원기상대(155),35.3226,128.2881
264,함양군,경상남도 함양군 함양읍 하림강변길 188-1함양군자동기상관측소,창원기상대(155),35.5114,127.7454
265,성산포,,,33.3868,126.8804
266,광양시,전라남도 광양시중동 산109-3,광주지방기상청(156),34.9434,127.6914
268,진도군,전라남도 진도군진도읍 남동리291,목포기상대(165),34.473,126.2585
271,봉화,경상북도 봉화군춘양면 서동길59 봉화자동기상관측소,안동기상대(136),36.9436,128.9145
272,영주,경상북도 영주시풍기읍 남원로178(성내리 240-55) 영주자동기상관측소,안동기상대(136),36.8718,128.5169
273,문경,경상북도 문경시유곡불정로 223문경자동기상관측소,대구(구 143),36.6273,128.1488
276,청송군,경상북도 청송군청송읍 길안청송로1591-9(덕리 519-1) 청송군공동협력기상관측소,대구(구 143),36.4351,129.0401
277,영덕,경상북도 영덕군영해면 318만세길90-19 영덕자동기상관측소,포항기상대(138),36.5334,129.4093
278,의성,경상북도 의성군의성읍 홍술로89-14 의성자동기상관측소,대구(구 143),36.3561,128.6886
279,구미,경상북도 구미시원남로2길 16구미지역기상서비스센터,대구(구 143),36.1306,128.3206
281,영천,경상북도 영천시망정3길 35영천기상관측소,대구(구 143),35.9774,128.9514
283,경주시,경상북도 경주시 서라벌대로 336-20탑동정수장(탑동),포항기상대(138),35.8174,129.2009
284,거창,경상남도 거창군 거창읍 수남로 2117거창자동기상관측소,울산기상대(152),35.6674,127.9099
285,합천,경상남도 합천군 합천읍 동서로 164합천자동기상관측소,울산기상대(152),35.5651,128.1699
288,밀양,경상남도 밀양시점필재로 5밀양자동기상관측소,울산기상대(152),35.4915,128.7441
289,산청,경상남도 산청군 산청읍 꽃봉산로133번길 3산청자동기상관측소,창원기상대(155),35.413,127.8791
294,거제,경상남도 거제시 장평2로2길 47거제자동기상관측소(장평동),부산지방기상청(159),34.8882,128.6046
295,남해,경상남도 남해군이동면 남해대로2423 남해자동기상관측소,부산지방기상청(159),34.8166,127.9264
296,북부산,부산광역시 강서구 대저로63번길 54부산지방기상청(대저1동),부산지방기상청(159),35.2178,128.9602
300,말도,전북특별자치도 군산시옥도면 말도2길29(말도등대),전주기상대(146),35.858,126.3151
301,임자도,전라남도 신안군임자면 진리 32,목포기상대(165),35.0951,126.1164
302,장산도,전라남도 신안군장산면 팽진리 산163,목포기상대(165),34.6427,126.1826
303,가거도,전라남도 신안군흑산면 가거도리산95,흑산도기상대(169),34.0728,125.0974
304,신지도,전라남도 완도군신지면 월양리855,목포기상대(165),34.318,126.8485
305,여서도,전라남도 완도군청산면 여서리519 여서도내연발전소,목포기상대(165),33.9862,126.9201
306,소리도,전라남도 여수시남면 연도리1619-19,여수기상대(168),34.4319,127.8011
307,평도,여수기상대(168),,34.2437,127.4496
308,옥도,전라남도 신안군하의면 옥도리105-2,목포기상대(165),34.687,126.073
309,판문점,,,37.9464,126.6866
310,궁촌,강원특별자치도 삼척시근덕면 궁촌리369-2 삼척해양레일바이크,강릉(구 105),37.3247,129.2647
311,가야산,경상남도 합천군 가야면 치인1길 13-45해인관광호텔,울산기상대(152),35.7892,128.0867
312,주왕산,경상북도 청송군 주왕산면 공원길 169-7(상의리 406) 주왕산국립공원사무소,대구(구 143),36.3931,129.1413
313,양지암,경상남도 거제시능포동 116-27 양지암조각공원,부산지방기상청(159),34.8821,128.7413
314,설천봉,전북특별자치도 무주군설천면 만선로185 무주리조트 설천봉정상,전주기상대(146),35.8662,127.7431
315,성삼재,전라남도 구례군산동면 노고단로1068 성삼재휴게소,광주지방기상청(156),35.3067,127.5108
316,무등산,광주광역시 동구용연동 산354-4 KBS광주방송총국 무등산송신소,광주지방기상청(156),35.1144,126.9974
317,구이,전북특별자치도 완주군구이면 원기리 709,전주기상대(146),35.7295,127.1142
318,평창용산,강원특별자치도 평창군 대관령면 솔봉로 470(용산리 685 올림픽슬라이딩센터),강릉(구 105),37.6532,128.682
319,천부,경상북도 울릉군 북면 천부길 95-3천부초등학교,울릉도기상대(115),37.5373,130.8708
320,향로봉,강원특별자치도 고성군수동면 상원리 유곡대대,강릉(구 105),38.331,128.3138
321,원통,강원특별자치도 인제군북면 원통리 육군 제1862부대 12사단 사령부,강릉(구 105),38.1147,128.1963
322,상서,강원특별자치도 화천군상서면 산양리 180 7사단 5여단,춘천기상대(101),38.2316,127.6857
323,마현,강원특별자치도 철원군 근남면 영서로 9579승리전망대매표소,춘천기상대(101),38.2727,127.5255
324,송계,충청북도 제천시한수면 탄지리527-6,청주기상대(131),36.9102,128.0745
325,백운,충청북도 제천시백운면 구학산로2길 54-19 (평동리,청주기상대(131),37.1445,128.0253
326,용문산,경기도 양평군용문면 중원리464,,37.5455,127.6113
327,청주금천,충청북도 청주시 상당구금천동 330,청주기상대(131),36.6261,127.5128
328,중문,제주특별자치도 서귀포시중문관광로 72번길60 중문골프장,제주지방기상청(184),33.2494,126.406
329,산천단,제주특별자치도 제주시아라일동 3-8 KBS제주방송총국 아라송신소,제주지방기상청(184),33.4473,126.5655
330,대흘,제주특별자치도 제주시 조천읍 중산간동로 601상하수도 본부,제주지방기상청(184),33.5008,126.6495
347,귀래,강원특별자치도 원주시귀래면 귀래리 1422-1(지방도 404호선 1906번지 내),강릉(구 105),37.2276,127.8569
348,하조대,강릉(구 105),,38.0257,128.7168
349,시동,강원특별자치도 홍천군남면 시동리 147 3기갑여단 사령부,춘천기상대(101),37.6,127.8431
350,조침령,강원특별자치도 인제군기린면 진동리 3-23,강릉(구 105),37.9953,128.4956
364,분당구,,,37.3828,127.119
365,석수동,,,37.4093,126.8951
366,오전동,,,37.3936,127.007
368,수택동,동두천지역기상서비스센터(98),,37.5992,127.1503
369,수리산길,,,37.364,126.9169
371,기흥구갈,,,37.2805,127.1145
376,광명노온,경기도 광명시노온사동 2-1(노온정수장),,37.4474,126.859
377,안양만안,,,37.3952,126.8919
378,정림,대전광역시 서구 정림서로 181서구국민체육센터 (정림동),대전지방기상청(133),36.3036,127.3628
379,번암,전북특별자치도 장수군번암면 노단리 산 101-21,전주기상대(146),35.5405,127.5463
400,강남,서울특별시 강남구일원동 580탄천 물재생센터,,37.4982,127.0816
401,서초,서울특별시 서초구서초동 1416번지서초 IC,,37.4846,127.026
402,강동,서울특별시 강동구고덕로 183서울종합직업전문학교,,37.5556,127.145
403,송파,서울특별시 송파구올림픽로 240롯데월드,,37.5115,127.0967
404,강서,서울특별시 강서구양천로 201서남물재생센터,,37.5739,126.8295
405,양천,서울특별시 양천구 안양천로 917목동빗물펌프장(목동),,37.5282,126.8794
406,도봉,서울특별시 도봉구시루봉로 173신방학초등학교,,37.6656,127.0304
407,노원,서울특별시 노원구 화랑로 564근무지원단 운동장 (공릉동 육사아파트),,37.6219,127.0919
408,동대문,서울특별시 동대문구서울시립대로 163 서울시립대학교 창공관,,37.5846,127.0604
409,중랑,서울특별시 중랑구면목로57길 32면동초등학교,,37.5855,127.0868
410,기상청,서울특별시 동작구 여의대방로16길 61기상청(신대방동),,37.4933,126.9175
411,마포,서울특별시 마포구창전동 산1-75와우산 제1025부대,,37.5517,126.9292
412,서대문,서울특별시 서대문구연세로 50연세대학교,,37.5705,126.9408
413,광진,서울특별시 광진구자양2동 680-67제5858부대,,37.5334,127.086
414,성북,서울특별시 성북구정릉로 77국민대학교 과학관,,37.6113,126.9998
415,용산,서울특별시 용산구이촌로 255신용산초등학교,,37.5204,126.9761
416,은평,서울특별시 은평구진관동 산26방패교육대,,37.6465,126.9427
417,금천,서울특별시 금천구시흥대로104길 31독산초등학교,,37.4655,126.9002
418,한강,서울특별시 영등포구여의동로 280여의도 세모유람선,,37.5249,126.939
419,중구,서울특별시 중구소파로 83남산케이블카,,37.5524,126.9874
420,북한산,인천기상대(112),,37.616,126.957
421,성동,서울특별시 성동구서울숲길 18성수중학교,,37.5472,127.0389
422,북악산,서울특별시 종로구 북악산로267,,37.6034,126.9844
423,구로,서울특별시 구로구부일로 893온수초등학교,,37.4933,126.8263
424,강북*,서울특별시 강북구 삼각산로 58국립재활원(수유동),,37.638,127.0098
425,남현,서울특별시 관악구남현동 산100-1420003호,,37.4635,126.9815
426,백령(레),인천광역시 옹진군백령면 두무진로362-91,백령도기상대(102),37.9661,124.6305
427,김포장기,경기도 김포시장기동 1539(한강중앙공원),,37.6428,126.6734
428,하남덕풍,경기도 하남시덕풍동 726-11(풍산근린3호공원),,37.5512,127.2128
430,경기,,,37.2746,127.0097
431,신곡,파주기상대(99),,37.7487,127.0718
432,향남,,,37.1309,126.9206
433,부천,인천기상대(112),,37.5006,126.7636
434,안양,,,37.3944,126.9569
436,처인역삼,,,37.2344,127.1884
437,광명,인천기상대(112),,37.4787,126.8653
438,군포,,,37.3615,126.9353
439,진안,,,37.2088,127.0357
440,설봉,이천지역기상서비스센터(203),,37.2784,127.4406
441,김포,인천기상대(112),,37.6076,126.7624
443,보개,,,37.0331,127.3063
444,하남,이천지역기상서비스센터(203),,37.5379,127.2137
445,의왕,,,37.3445,126.9688
446,남촌,,,37.1403,127.0637
447,북내,이천지역기상서비스센터(203),,37.329,127.6791
448,산북,이천지역기상서비스센터(203),,37.4019,127.443
449,옥천,이천지역기상서비스센터(203),,37.51,127.4481
450,주교,파주기상대(99),,37.5983,126.849
451,오남,동두천지역기상서비스센터(98),,37.6985,127.2048
453,소하,인천기상대(112),,37.4421,126.8964
454,하봉암,동두천지역기상서비스센터(98),,37.9743,127.0669
456,연천,동두천지역기상서비스센터(98),,38.0963,127.0756
457,춘궁,이천지역기상서비스센터(203),,37.522,127.1941
458,퇴촌,이천지역기상서비스센터(203),,37.4747,127.3058
459,오포,이천지역기상서비스센터(203),,37.3455,127.1968
460,실촌,이천지역기상서비스센터(203),,37.3689,127.4054
461,마장,이천지역기상서비스센터(203),,37.249,127.358
462,모가,이천지역기상서비스센터(203),,37.1717,127.4802
463,흥천,이천지역기상서비스센터(203),,37.3327,127.5415
464,점동,이천지역기상서비스센터(203),,37.2061,127.6627
465,가남,이천지역기상서비스센터(203),,37.2017,127.5451
466,금사,이천지역기상서비스센터(203),,37.3926,127.5333
467,양성,,,37.0941,127.2158
468,서운,,,36.9431,127.2593
469,일죽,,,37.1407,127.4338
470,고삼,,,37.0806,127.2696
471,송탄,,,37.0664,127.0649
472,포승,,,36.9845,126.8548
473,가산,동두천지역기상서비스센터(98),,37.8486,127.1864
474,영북,동두천지역기상서비스센터(98),,38.0891,127.2755
475,관인,동두천지역기상서비스센터(98),,38.1577,127.2512
476,화현,동두천지역기상서비스센터(98),,37.9013,127.2883
477,상패,동두천지역기상서비스센터(98),,37.9056,127.0441
478,왕징,동두천지역기상서비스센터(98),,38.0586,127.0128
479,장남,동두천지역기상서비스센터(98),,37.9818,126.8843
480,미산,동두천지역기상서비스센터(98),,38.0474,126.9929
481,탄현,파주기상대(99),,37.8025,126.7162
482,광탄,파주기상대(99),,37.776,126.8513
483,진동,파주기상대(99),,37.9253,126.7891
484,창현,동두천지역기상서비스센터(98),,37.6466,127.3165
485,신천,동두천지역기상서비스센터(98),,37.6762,127.4948
486,외서,동두천지역기상서비스센터(98),,37.7347,127.4145
487,대곶,인천기상대(112),,37.6453,126.5523
488,송산,,,37.2182,126.73
489,서신,,,37.1666,126.7088
492,학온동,인천기상대(112),,37.4155,126.8514
493,송악,충청남도 아산시송악면 역촌리 506-1,대전지방기상청(133),36.7362,127.0081
494,세종고운,세종특별자치시 고운동산 25번지,대전지방기상청(133),36.5308,127.2403
495,공도,경기도 안성시공도읍 불당길40-68(불당 하수종말처리장),,36.9806,127.1625
496,세종금남,세종특별자치시 세종특별자치시금남면 성덕리 77-3,대전지방기상청(133),36.4585,127.2688
497,삽당령,강원특별자치도 강릉시왕산면송현리 219-1,강릉(구 105),37.5752,128.8515
498,구룡령,강원특별자치도 홍천군내면 명개리산 1-35,강릉(구 105),37.8793,128.5145
499,중면,경기도 연천군중면 삼곶리 260 육군 제28사단 81연대,,38.1361,127.0235
500,양도,인천광역시 강화군양도면 길정리296-2 강화 예비군훈련장,인천기상대(112),37.6657,126.4702
501,대연평,인천광역시 옹진군연평면 연평리493-12,인천기상대(112),37.6589,125.6982
502,교동,인천광역시 강화군교동면 고구리480-1,인천기상대(112),37.7894,126.2916
503,도라산,경기도 파주시장단면 도라산리18도라대대,,37.908,126.7119
504,포천,경기도 포천시자작동 264-1육군15항공단,,37.8704,127.1807
505,가평조종,경기도 가평군하면 현리209 가평 하면정수장,,37.8244,127.3454
506,파주금촌,경기도 파주시금촌2동 1017(파주시 주말농장),,37.7482,126.7769
507,창수,경기도 포천시창수면 고소성리123 육군 제3985부대,,38.0248,127.1436
508,왕산,인천광역시 중구을왕동 산104-1육군 제1312부대,인천기상대(112),37.4665,126.3609
509,관악,서울특별시 관악구관악로 1서울대학교 대기환경관측소,,37.4528,126.9502
510,영등포,서울특별시 영등포구국회대로53길 20서울영동초등학교,,37.5271,126.9071
511,경서동,인천광역시 서구 환경로 42국립환경과학원(경서동),인천기상대(112),37.5675,126.6351
512,인천연수,인천광역시 연수구동춘동 산62-35 6617부대 2대대,인천기상대(112),37.3968,126.6621
513,백아,인천광역시 옹진군백아리 산155,인천기상대(112),37.0655,126.0143
514,대부도,경기도 안산시단원구 대부남동299-3,인천기상대(112),37.2377,126.5787
515,운평,경기도 화성시우정읍 평밭길(운평리601-6번지),,37.0845,126.7739
516,안성,경기도 안성시옥산동 365번지알미산공원내,,37.0037,127.2502
517,간성,강원특별자치도 고성군간성읍 동호리 749-2,강릉(구 105),38.3851,128.4752
518,해안,강원특별자치도 양구군 해안면 펀치볼로 1085양구야생화공원,춘천기상대(101),38.2696,128.1211
519,사내,강원특별자치도 화천군사내면 사창리 471-2 1288-701 정보통신부대,춘천기상대(101),38.0755,127.5194
520,설악동,강원특별자치도 속초시설악산로 833설악산관리사무소,강릉(구 105),38.1671,128.5182
521,강현,강원특별자치도 양양군강현면 장산리 육군 제1799부대 102여단 항공대,강릉(구 105),38.1437,128.6026
522,화촌,강원특별자치도 홍천군화촌면 주음치리 521 2군단 민방위훈련장,춘천기상대(101),37.7871,127.9838
523,주문진,강원특별자치도 강릉시주문진읍 주문리961번지,강릉(구 105),37.8985,128.8214
524,경포,강원특별자치도 강릉시운정동 179-5 (경포천 운정교 인근),강릉(구 105),37.7864,128.8939
525,봉평,강원특별자치도 평창군봉평면 창동리421-1,강릉(구 105),37.6123,128.3773
526,평창,강원특별자치도 평창군평창읍 여만리261-14,강릉(구 105),37.3775,128.3947
527,신동,강원특별자치도 정선군신동읍 예미리774-1번지,강릉(구 105),37.2111,128.6413
528,백령면,인천광역시 옹진군 백령면진촌리 1031,백령도기상대(102),37.974,124.7124
529,원덕,강원특별자치도 삼척시원덕읍 산양리 981-4,강릉(구 105),37.1416,129.2859
530,태하,경상북도 울릉군서면 태하리212번지,울릉도기상대(115),37.5151,130.8118
531,가평북면,경기도 가평군북면 소법리 465-2,,37.8981,127.5522
532,의정부,경기도 의정부시 시민로 368-10용현배수지 궁도장 (용현동),,37.7348,127.0735
533,백사,경기도 이천시백사면 조읍리 251-10,,37.3278,127.4807
534,장호원,경기도 이천시장호원읍 서동대로8759번길 97-103 이천시복숭아연구소시험포장,,37.121,127.6106
535,서석,강원특별자치도 홍천군서석면 풍암리 526-2,춘천기상대(101),37.717,128.1827
536,횡성,강원특별자치도 횡성군횡성읍 문예로133,강릉(구 105),37.4876,127.9724
537,임계,강원특별자치도 정선군임계면 봉산리 244-36,강릉(구 105),37.4832,128.8459
538,신서,경기도 연천군신서면 도신4리164-1 소득자원연구소,,38.1725,127.103
539,포천이동,경기도 포천시이동면 장암리264-1 이동비행장,,38.0242,127.3657
540,고양,경기도 고양시덕양구 동산동300-1 60사단,,37.6373,126.892
541,남양주,경기도 남양주시진건읍 배양리 922-3(진건 푸른물센터),,37.6341,127.1506
542,청평,경기도 가평군청평면 대성리393-12,,37.6841,127.3802
543,영종도,인천광역시 중구 백운로 57-25영종유치원(중산동),인천기상대(112),37.499,126.5496
544,전곡항,경기도 화성시서신면 전곡항로14번길(제2819부대 2대대 전곡중대),,37.1857,126.6544
545,안산,경기도 안산시상록구 해안로870(농어촌연구원),,37.281,126.8385
546,경기광주,경기도 광주시회안대로 1061-59한국수자원공사 광주수도관리단,,37.4353,127.2592
547,양동,경기도 양평군양동면 쌍학리865-4 양수장 내,,37.4159,127.7549
548,여주,경기도 여주시점봉동 429-29여주시 상수도사업소 점봉배수지,,37.2688,127.6396
549,용인,경기도 용인시처인구 포곡읍둔전리 사서함 1호(육군55사단),,37.2701,127.2218
550,오산,경기도 오산시 청학로 211금암동 236 물향기수목원(수청동),,37.1693,127.0527
551,평택,경기도 평택시합정동 배미2길(평택시공설운동장 부지 야산),,36.9877,127.1088
552,김화,강원특별자치도 철원군청양리 702,춘천기상대(101),38.2315,127.3896
553,대진,강원특별자치도 고성군현내면 초도리산2-2 대진시외버스터미널,강릉(구 105),38.4924,128.4281
554,미시령,강원특별자치도 인제군북면 용대리 산 12-11,강릉(구 105),38.2144,128.4371
555,화천,강원특별자치도 화천군하남면 거례리 428-2 천수공원레포츠타운,춘천기상대(101),38.0836,127.6909
556,양구,강원특별자치도 양구군양구읍 정림리160-10,춘천기상대(101),38.098,127.9853
557,기린,강원특별자치도 인제군기린면 현리 673-1 제13항공단 내,강릉(구 105),37.9537,128.3189
558,팔봉,강원특별자치도 홍천군서면 팔봉리천 1302-63,춘천기상대(101),37.6861,127.7007
559,내면,강원특별자치도 홍천군내면 창촌리1513-2,강릉(구 105),37.7781,128.3973
560,진부,강원특별자치도 평창군진부면 진부중앙로203-5 한국도로공사 대관령지사,강릉(구 105),37.6479,128.5645
561,청일,강원특별자치도 횡성군청일면 유동리881-24 청일공공하수처리장,강릉(구 105),37.5822,128.1528
562,영월주천,강원특별자치도 영월군주천면 주천리1376-19번지,강릉(구 105),37.2753,128.2694
563,북평,강원특별자치도 정선군북평면 장열리194-58번지,강릉(구 105),37.4636,128.6828
565,시흥,경기도 시흥시장곡동 724-32 시흥시갯골생태공원내,,37.3915,126.778
566,연곡,강원특별자치도 강릉시연곡면 송림리 21-3 동부지방산림청 연곡양묘장 내,강릉(구 105),37.8516,128.8192
567,적성,경기도 파주시적성면 구읍리 사서함 95-16 제8567부대,,37.9533,126.9318
568,일동,경기도 포천시일동면 기산리106-1,,37.9588,127.3135
569,구리,경기도 구리시토평동 48-99토평IC,,37.5822,127.157
570,금곡,인천광역시 서구금곡동 산14-1해병대 제2사단,인천기상대(112),37.6232,126.6423
571,화성,경기도 화성시남양로 621(2819부대2대대),,37.1953,126.8209
572,성남,경기도 성남시중원구 성남대로997(성남시청 신청사),,37.4209,127.1248
573,청운,경기도 양평군청운면 용두리595,,37.5582,127.7135
574,대신,경기도 여주시대신면 초현리520-3,,37.3694,127.5871
575,용인이동,경기도 용인시처인구 이동면어비리 1093-1(이동저수지관리소),,37.1058,127.1877
576,백암,경기도 용인시처인구 백암면용천리 산27,,37.1297,127.3663
577,장봉도,인천광역시 옹진군북도면 장봉리1052번지 장동분교,인천기상대(112),37.5341,126.3365
578,호도,충청남도 보령시오천면 녹도리 388-5,대전지방기상청(133),36.3012,126.2663
579,하장,강원특별자치도 삼척시하장면 장전리266-9,강릉(구 105),37.3668,128.9133
580,옥계,강원특별자치도 강릉시옥계면 현내교동길99-37 옥계정수장,강릉(구 105),37.6135,129.0289
581,상동,강원특별자치도 영월군상동읍 내덕2리248-4,강릉(구 105),37.1166,128.7744
582,신림,강원특별자치도 원주시신림면 신림리526,강릉(구 105),37.2315,128.0799
583,안흥,강원특별자치도 횡성군안흥면 소사리589-1 안흥초등학교 덕천분교,강릉(구 105),37.4646,128.1551
584,정선북,영월기상대(121),,37.4711,128.7245
585,신남,강원특별자치도 인제군남면 신풍리 제3군수지원여단,강릉(구 105),37.96,128.0742
586,북산,강원특별자치도 춘천시북산면 중추곡길51,춘천기상대(101),38.0321,127.8769
587,방산,강원특별자치도 양구군방산면 송현리 689 5993부대 65연대,춘천기상대(101),38.2264,127.9533
588,남산,강원특별자치도 춘천시남산면 방곡리 629-41,춘천기상대(101),37.7907,127.6429
589,고양고봉,경기도 고양시일산동구 성석동산69-2 5895부대,,37.7024,126.7903
590,과천,경기도 과천시과천시 상하벌로110(국립과천과학관),,37.4403,127.0025
591,치악산,강원특별자치도 원주시소초면 학곡리900 치악산국립공원사무소,강릉(구 105),37.4155,128.0505
592,부론,강원특별자치도 원주시부론면 흥호리936,강릉(구 105),37.2316,127.7487
593,양양영덕,강원특별자치도 양양군서면 영덕리350,강릉(구 105),38.0073,128.5407
594,서화,강원특별자치도 인제군서화면 서화리 육군 제8227부대 63포병대,강릉(구 105),38.2533,128.21
595,진부령,강원특별자치도 고성군간성읍 흘리길190(흘리보건소 옆),강릉(구 105),38.2641,128.3742
596,오색,강원특별자치도 양양군서면 오색리199-1,강릉(구 105),38.077,128.4933
597,대화,강원특별자치도 평창군대화면 신리1106-21 서울대학교 그린바이오연구원,강릉(구 105),37.5455,128.4411
598,양주,경기도 양주시광적면 석우리 산 6번지 제 8030부대,,37.8312,126.9905
599,광릉,경기도 포천시소흘읍 직동리 642-4 산림기술경영연구소,,37.7617,127.1698
600,금왕,충청북도 음성군금왕읍 무극로 285번길 6(용계리 245-4),청주기상대(131),36.9737,127.5897
601,단양,충청북도 단양군도담리 181-1,청주기상대(131),37.002,128.3469
602,진천,충청북도 진천군진천읍 성석리 903,청주기상대(131),36.8634,127.4625
603,괴산,충청북도 괴산군괴산읍 임꺽정로169 괴산군농업기술센터,청주기상대(131),36.8161,127.7776
605,영동,충청북도 영동군양강면 가동리 697-24,청주기상대(131),36.16,127.755
606,대산,충청남도 서산시대산읍 대죽리산95-1 (5304부대 대산방공진지),,37.0106,126.3881
607,근흥,충청남도 태안군근흥면 마도길 7,,36.6731,126.1354
608,홍북,충청남도 홍성군홍북면 상하리산91(1789부대 4대대),,36.6277,126.6451
609,삽시도,충청남도 보령시오천면 삽시도리138-10,대전지방기상청(133),36.338,126.3562
610,홍성죽도,충청남도 홍성군서부면 죽도리 33-1,,36.52,126.4424
611,세종연서,세종특별자치시 연서면봉암리 196-1,대전지방기상청(133),36.5667,127.2806
612,공주,충청남도 공주시금흥동 산 21번지(공주예비군 훈련장),대전지방기상청(133),36.4828,127.1365
614,서천,충청남도 서천군마서면 계동리 76-1서천군농업기술센터,대전지방기상청(133),36.0625,126.7041
615,논산,충청남도 논산시덕지동 43-29,대전지방기상청(133),36.2116,127.1082
616,당진,충청남도 당진시채운동 363-23(당진예비군훈련장),,36.8894,126.6174
617,직산,충청남도 천안시 서북구직산읍 군서리 463-4,대전지방기상청(133),36.8906,127.1456
618,청양,충청남도 청양군청양읍 구봉로1026-84 청양농업기술센터,대전지방기상청(133),36.4237,126.7791
619,음성,충청북도 음성군음성읍 평곡리520-1번지,청주기상대(131),36.923,127.7024
620,엄정,충청북도 충주시엄정면 율능리1334,청주기상대(131),37.0737,127.9035
621,수산,충청북도 제천시수산면 옥순봉로933 (하천리 497-2),청주기상대(131),36.9733,128.2142
622,수안보,충청북도 충주시수안보면 안보리 409-6 수안보생활체육공원 내,청주기상대(131),36.8391,128.0079
623,증평,충청북도 증평군증평읍 연탄리602-1번지 제37보병사단,청주기상대(131),36.7956,127.562
624,상당,충청북도 청주시상당구 미원면미원리 463-4 미원하수종말처리장,청주기상대(131),36.6244,127.6571
625,속리산,충청북도 보은군속리산면 상판리 239,청주기상대(131),36.5164,127.8156
626,옥천청산,충청북도 옥천군청산면 청산관기로507 청산초등학교 대월분교(폐교),청주기상대(131),36.3705,127.8154
627,태안,충청남도 태안군태안읍 백화로49(태안초등학교),,36.7585,126.2964
628,예산,충청남도 예산군신암면 오신로852(예산군농업기술센터),대전지방기상청(133),36.7421,126.8144
629,세종전의,세종특별자치시 전의면읍내리 5-1번지(전의생활체육공원),대전지방기상청(133),36.6908,127.2005
630,노은,충청북도 충주시노은면 수룡리501,청주기상대(131),37.0457,127.7997
631,송도,인천광역시 연수구 인천신항대로892번길 40송도종합스포츠센터 (송도동),인천기상대(112),37.3478,126.6154
632,유구,충청남도 공주시유구읍 만천리500번지,대전지방기상청(133),36.5407,126.9336
633,정안,충청남도 공주시정안면 평정리284-5,대전지방기상청(133),36.5511,127.0938
634,아산,충청남도 아산시인주면 현대로1077(현대자동차㈜ 아산공장),대전지방기상청(133),36.8458,126.8654
635,양화,충청남도 부여군양화면 충절로267-6 양화중학교,대전지방기상청(133),36.1319,126.8602
636,계룡,충청남도 계룡시신도안면 사서함 501-328호 공군기상단,대전지방기상청(133),36.3132,127.2407
637,신평,충청남도 당진시신평면 운정리 821,,36.879,126.8238
638,영춘,충청북도 단양군영춘면 하리 산30,청주기상대(131),37.0778,128.4936
639,덕산,충청북도 제천시덕산면 도전리1350-2,청주기상대(131),36.9043,128.1456
640,청천,충청북도 괴산군청천면 송면리 331-2,청주기상대(131),36.6711,127.8653
641,가덕,충청북도 청주시 상당구가덕면 상대리 456-1,청주기상대(131),36.5461,127.5239
642,오월드,대전광역시 중구사정공원로 70 오월드 내 플라워랜드,대전지방기상청(133),36.2913,127.3959
643,세천,대전광역시 동구세천동 63-1,대전지방기상청(133),36.3402,127.4938
644,연무,충청남도 논산시연무읍 안심리365-5,대전지방기상청(133),36.1366,127.09
645,서부,충청남도 홍성군서부면 서부로505(서부초등학교),,36.5789,126.511
646,춘장대,충청남도 서천군 서면 부사로 289부사교,대전지방기상청(133),36.1741,126.5285
647,가곡,충청북도 영동군양산면 원당리 13-7,청주기상대(131),36.1247,127.6851
648,장동,대전광역시 대덕구장동 360-2,대전지방기상청(133),36.4135,127.4382
649,부평,인천광역시 부평구구산동 사서함317-4번지,인천기상대(112),37.4722,126.7507
650,양지,강원특별자치도 철원군동송읍 양지리 2999,춘천기상대(101),38.2512,127.2727
651,외촌,강원특별자치도 철원군철원읍 외촌리 312-2 6사단 수색중대,춘천기상대(101),38.2772,127.2057
652,연천청산,경기도 연천군청산면 초성리 376-1 육군 제28사단,,37.99,127.0727
654,자월도,인천광역시 옹진군자월면 자월리1023번지,인천기상대(112),37.254,126.3076
655,소청도,인천광역시 옹진군대청면 소청리소청서로 279 소청도항로표지소,백령도기상대(102),37.7602,124.7291
656,볼음도,인천광역시 강화군서도면 볼음도리 421-4 (해병대 초소),인천기상대(112),37.6873,126.1934
657,대천항,충청남도 보령시신흑동 산 205155레이더기지,대전지방기상청(133),36.3244,126.5021
658,만리포,충청남도 태안군소원면 모항리산93(국군 5188부대),,36.7683,126.1214
659,계룡산,충청남도 계룡시신도안면 부남리 사서함 501-26 경비연대,대전지방기상청(133),36.343,127.2057
660,면온,강원특별자치도 평창군 봉평면 면온리 65-1,강릉(구 105),37.562,128.3776
661,현내,강원특별자치도 고성군현내면 명파리 611-61,강릉(구 105),38.5425,128.4019
662,승봉도,인천광역시 옹진군자월면 승봉리승봉초등학교,인천기상대(112),37.1706,126.297
663,목덕도,인천광역시 옹진군덕적면 백아리산185번지,인천기상대(112),36.9286,125.7869
664,영흥도,인천광역시 옹진군영흥면 외리248-5 인천광역시수산자원연구소,인천기상대(112),37.2247,126.4584
665,무의도,인천광역시 중구 대무의로 302-17인천용유초등학교 무의분교(무의동),인천기상대(112),37.3904,126.4252
666,안도,충청남도 태안군원북면 방갈리산240번지,,36.9587,126.1683
667,옹도,충청남도 태안군 근흥면 가의도길 44-69(가의도리 510),,36.6476,126.0093
669,외연도,충청남도 보령시오천면 외연도리 325,대전지방기상청(133),36.2292,126.0758
670,양양,강원특별자치도 양양군양양읍 송암리 438-4 447,강릉(구 105),38.0887,128.6295
671,청호,강원특별자치도 속초시 청초호반로 10제1중계펌프장(조양동),강릉(구 105),38.1909,128.5936
672,상하,전북특별자치도 고창군 상하면 선운대로 769상하면 장산리 780-5,전주기상대(146),35.4424,126.4884
673,진영,경상남도 김해시진영읍 하계로138번길30 진영단감연구소,부산지방기상청(159),35.2822,128.7175
674,사북,강원특별자치도 정선군사북읍 사북리 산155-94 강원랜드 주차장,강릉(구 105),37.2196,128.8214
675,남이섬,강원특별자치도 춘천시남산면 방하리 산159 남이섬,춘천기상대(101),37.7898,127.5277
676,위성센터,충청북도 진천군광혜원면 구암길64-18,청주기상대(131),36.9906,127.4299
677,달방댐,강릉(구 105),,37.5173,129.0213
678,강릉성산,강원특별자치도 강릉시성산면 어흘리산1-25(영동고속도로 상행선),강릉(구 105),37.7248,128.7786
679,강릉왕산,강원특별자치도 강릉시왕산면 대기리 1147(강원도감자원종장),강릉(구 105),37.6105,128.773
680,평화,강원특별자치도 화천군 화천읍 평화로 3481-18(동촌리 2921-3),춘천기상대(101),38.2128,127.8447
681,간동,강원특별자치도 화천군간동면 유촌리 577,춘천기상대(101),38.0512,127.7906
682,임남,강원특별자치도 철원군임남면 수동리 산1-1 21사단 65연대,춘천기상대(101),38.2806,127.8647
683,오창가곡,충청북도 청주시 청원구오창읍 가곡길 46 충청북도 농업기술원,청주기상대(131),36.7248,127.4655
684,춘천신북,강원특별자치도 춘천시 신북읍유포리 1234 강원도농업기술원,춘천기상대(101),37.9546,127.7763
685,강정,제주특별자치도 서귀포시 중산간서로212 제주특별자치도농업기술원,제주지방기상청(184),33.2613,126.4893
686,대곡,경상남도 진주시 대곡면소실길12.116 경상대학교 대곡농장,창원기상대(155),35.2439,128.1547
687,석곡,전라남도 곡성군석곡면 유정리403,광주지방기상청(156),35.1262,127.2528
688,봉산,전라남도 담양군봉산면 삼지리437-9,광주지방기상청(156),35.2688,126.9391
689,광주남구,광주광역시 남구노대동 597 빛고을CC 주차장 입구 빛고을CC 주차장 입구,광주지방기상청(156),35.1008,126.8985
691,정산,충청남도 청양군정산면 학암리 19-2(축산기술연구소),대전지방기상청(133),36.3862,126.9565
692,백학,경기도 연천군백학면 두일리 66 육군 제25사단 수색대대,,38.0404,126.9245
693,오창,충청북도 청원구오창읍 송대리320-1,청주기상대(131),36.7232,127.4401
694,원효봉,충청남도 예산군덕산면 대치리 산35-1 KT원효봉중계소,,36.7044,126.6094
696,신기,강원특별자치도 삼척시신기면 신기리78,강릉(구 105),37.3466,129.0861
697,서거차도,전라남도 진도군조도면 서거차도리210,목포기상대(165),34.2506,125.9183
698,해제,전라남도 무안군해제면 광산리 242-4,목포기상대(165),35.0939,126.2851
700,어청도,전북특별자치도 군산시옥도면 어청도길 240,전주기상대(146),36.1251,125.9682
701,무주,전북특별자치도 무주군무주읍 당산리 854-2,전주기상대(146),36.0017,127.6684
702,익산,전북특별자치도 익산시신흥동 885-9,전주기상대(146),35.9381,126.9925
704,변산,전북특별자치도 부안군변산면 격포리 270-24(격포체육공원),전주기상대(146),35.621,126.4776
706,담양,전라남도 담양군담양읍 천변리396-16 담양군농업기술센터 시험포,광주지방기상청(156),35.3102,126.9727
707,지도,전라남도 신안군지도읍 읍내리산25-6 헬기장,목포기상대(165),35.058,126.2084
708,광산,광주광역시 광산구용곡동 423-2농업기술센터,광주지방기상청(156),35.1289,126.7452
709,구례,전라남도 구례군마산면 사도리 895-6,광주지방기상청(156),35.2081,127.4936
710,나주,전라남도 나주시금천면 오강리386 나주배시험장,광주지방기상청(156),35.025,126.744
711,이양,전라남도 화순군이양면 오류리314-2,광주지방기상청(156),34.8971,126.9898
712,순천시,전라남도 순천시해룡면 대안리 1155-16,광주지방기상청(156),34.9035,127.5193
713,광양읍,전라남도 광양시광양읍 칠성리419-2,광주지방기상청(156),34.9751,127.5826
714,자은도,전라남도 신안군자은면 구영리1164-24번지,목포기상대(165),34.8791,126.0287
715,진도읍,진도기상대(175),,34.4731,126.2585
716,하의도,전라남도 신안군하의면 후광길288(후광리 87),목포기상대(165),34.6307,126.032
717,의신,전라남도 진도군의신면 연주리888-1,목포기상대(165),34.4275,126.3098
718,상조도,전라남도 진도군조도면 맹성리633,목포기상대(165),34.333,126.0365
719,선유도,전북특별자치도 군산시옥도면 장자도리71,전주기상대(146),35.8088,126.3977
720,보길도,전라남도 완도군보길면 부황리 산 60-5산 22037,목포기상대(165),34.1549,126.5499
721,금일,전라남도 완도군금일읍 신구리산264-3,목포기상대(165),34.339,127.0283
722,조선대,광주광역시 동구학동 668 조선대 간호대학교 뒤편(태양광발전시범단지)조선대학교 태양광발전시범단지(학동 668),광주지방기상청(156),35.1368,126.9288
723,거문도,전라남도 여수시삼산면 거문리87-72 해경거문치안센터,여수기상대(168),34.0279,127.309
724,추자도,제주특별자치도 제주시추자면 영흥리31-14번지,제주지방기상청(184),33.9578,126.3016
725,우도,제주특별자치도 제주시우도면 연평리772번지,제주지방기상청(184),33.5229,126.9541
726,마라도,제주특별자치도 서귀포시대정읍 가파리584번지,제주지방기상청(184),33.1221,126.2679
727,유수암,제주특별자치도 제주시애월읍 평화로2144 제주경마공원,제주지방기상청(184),33.4099,126.3929
729,순창,남원기상대(247),,35.38,127.13
730,장성,전라남도 장성군황룡면 와룡리399-2,광주지방기상청(156),35.2794,126.7611
731,영암,전라남도 영암군영암읍 망호리201-1,목포기상대(165),34.8167,126.6863
732,보성,전라남도 보성군보성읍 옥평리571-11,여수기상대(168),34.7619,127.0921
733,함라,전북특별자치도 익산시함라면 신등리 950-9 익산예비군훈련장,전주기상대(146),36.0461,126.8917
734,완주,전북특별자치도 완주군 고산면 대아저수로 244고산면 대야저수로,전주기상대(146),35.9855,127.2457
735,덕유산,전북특별자치도 무주군설천면 삼공리483-1,전주기상대(146),35.8942,127.7731
736,진봉,전북특별자치도 김제시진봉면 진봉로302번지 진봉초등학교,전주기상대(146),35.8468,126.784
737,김제,전북특별자치도 김제시서암동 산 21-1,전주기상대(146),35.8091,126.8777
738,줄포,전북특별자치도 부안군줄포면 우포리 517-11,전주기상대(146),35.5795,126.6739
739,심원,전북특별자치도 고창군심원면 도천리822,전주기상대(146),35.5225,126.5467
741,화순,전라남도 화순군화순읍 삼천리590,광주지방기상청(156),35.0567,126.9852
742,운남,전라남도 무안군운남면 성내리580-7,목포기상대(165),34.9389,126.3306
743,비금,전라남도 신안군비금면 지당리984-2 이세돌바둑기념관,목포기상대(165),34.7726,125.9469
744,산이,전라남도 해남군산이면 덕송리1077 해남통신지원대대,목포기상대(165),34.6725,126.4365
745,성전,전라남도 강진군성전면 성전리 128,목포기상대(165),34.685,126.7255
746,땅끝,전라남도 해남군송지면 미야리854,목포기상대(165),34.3818,126.5159
747,청산도,전라남도 완도군청산면 도청리976,목포기상대(165),34.1829,126.858
748,벌교,전라남도 보성군장호길 56-386벌교하수처리장,여수기상대(168),34.8369,127.3631
749,도양,전라남도 고흥군도양읍 봉암리2346,여수기상대(168),34.5347,127.1272
750,백야,전라남도 여수시화양면 안포리 산823-3,여수기상대(168),34.6278,127.6357
751,와산,제주특별자치도 제주시조천읍 와산리 350-1,제주지방기상청(184),33.4793,126.6939
752,서광,제주특별자치도 서귀포시안덕면 신화역사로188번길 62,제주지방기상청(184),33.3046,126.306
753,어리목,제주특별자치도 제주시1100로 2070-61한라산국립공원관리사무소,제주지방기상청(184),33.393,126.4959
754,함평,전라남도 함평군함평읍 기각리189-7,광주지방기상청(156),35.0604,126.5273
755,백아면,전라남도 화순군백아면 옥리 487-1487-1,광주지방기상청(156),35.1596,127.0853
756,전북특별자치도 부안군위도면 진리501-5,전주기상대(146),,35.6015,126.282
757,진안주천,전북특별자치도 진안군주천면 신양리487-4,전주기상대(146),35.9744,127.436
758,동향,전북특별자치도 진안군동향면 창촌길 40,전주기상대(146),35.8352,127.5712
759,뱀사골,전북특별자치도 남원시산내면 와운길10 지리산국립공원 북부사무소,전주기상대(146),35.3716,127.5783
760,복흥,전북특별자치도 순창군추령로 1120-14,전주기상대(146),35.4274,126.9327
761,태인,전북특별자치도 정읍시태인면 태창리409-3,전주기상대(146),35.6508,126.9346
762,강진면,전북특별자치도 임실군강진면 백련리 719-3,전주기상대(146),35.5517,127.187
763,여산,전북특별자치도 익산시여산면 옥금동길 6 (육군부사관학교),전주기상대(146),36.0592,127.062
764,신덕,전북특별자치도 임실군신덕면 삼길리 1255-13,전주기상대(146),35.6736,127.1414
765,복내,전라남도 보성군복내면 복내리536-13 (축구장 주변),광주지방기상청(156),34.8923,127.1345
766,여수산단,전라남도 여수시여수산단로 918GS칼텍스여천공장,여수기상대(168),34.8495,127.715
767,포두,전라남도 고흥군포두면 송산리1640,여수기상대(168),34.5885,127.3975
768,곡성,전라남도 곡성군곡성읍 삼인동길97 31사단95연대3대대9중대(곡성군부대),광주지방기상청(156),35.2889,127.2853
769,염산,전라남도 영광군염산면 옥실리 3-2043910,광주지방기상청(156),35.1993,126.3834
770,다도,전라남도 나주시다도면 암정리 1105,광주지방기상청(156),34.9286,126.82
771,안좌,전라남도 신안군안좌면 향목리398-3,목포기상대(165),34.7269,126.1446
772,수유,전라남도 진도군진도읍 수유리1421,목포기상대(165),34.5321,126.2396
773,학산,전라남도 영암군학산면 상월리산 86(임),목포기상대(165),34.7085,126.6359
774,전남도청,전라남도 무안군삼향읍 남악리1000(오룡길 1) 전남도청,목포기상대(165),34.8175,126.4662
775,월야,전라남도 함평군월야면 월야리344-13,광주지방기상청(156),35.1777,126.6354
776,현산,전라남도 해남군현산면 일평리 529-7 529-6,목포기상대(165),34.46,126.5571
777,관산,전라남도 장흥군관산읍 옥당리226-2,목포기상대(165),34.5563,126.9346
778,유치,전라남도 장흥군유치면 관동리62,목포기상대(165),34.7959,126.8218
779,한림,제주특별자치도 제주시한림읍 명월리1969번지,제주지방기상청(184),33.3927,126.2581
780,제주남원,제주특별자치도 서귀포시남원읍 태위로551-27 남원생활체육관,제주지방기상청(184),33.2772,126.7044
781,구좌,제주특별자치도 제주시구좌읍 하도리2233 - 1,제주지방기상청(184),33.5199,126.8777
782,성판악,제주특별자치도 제주시조천읍 516로1865 성판악탐방안내소,제주지방기상청(184),33.3851,126.6194
783,과기원,광주광역시 북구오룡동 1 광주과학기술원(창업보육생산동 앞)광주과학기술원 창업보육생산동 앞,광주지방기상청(156),35.2303,126.8408
784,시종,전라남도 영암군시종면 만수리680,목포기상대(165),34.8772,126.6126
785,북일,전라남도 해남군북일면 신월리174-4,목포기상대(165),34.4638,126.6763
786,돌산,전라남도 여수시돌산읍 서덕리 284-5,여수기상대(168),34.6381,127.7741
787,도화,전라남도 고흥군도화면 당오리1147-15 도화베이스볼파크,여수기상대(168),34.5067,127.3172
788,풍암,광주광역시 서구풍암동 20풍암생활체육공원 내,광주지방기상청(156),35.1316,126.8813
789,압해도,전라남도 신안군압해면 신용리602-5 나무병원,목포기상대(165),34.8764,126.2929
790,나로도,전라남도 고흥군동일면 덕흥양쪽길200,여수기상대(168),34.5326,127.4674
791,피아골,전라남도 구례군토지면 내동리1155-1 서울대 남부학술림,광주지방기상청(156),35.2662,127.5838
792,표선,제주특별자치도 서귀포시표선면 한마음초등로399 표선생활체육관,제주지방기상청(184),33.3536,126.8168
793,대정,제주특별자치도 서귀포시대정읍 일과리1396-2번지,제주지방기상청(184),33.241,126.2263
794,황전,전라남도 순천시황전면 괴목리 60-1 황전면사무소21916 황전면사무소,광주지방기상청(156),35.1007,127.4274
795,옥과,전라남도 곡성군옥과면 리문리161,광주지방기상청(156),35.2753,127.139
796,초도,전라남도 여수시삼산면 초도로638,여수기상대(168),34.2378,127.2448
797,하태도,전라남도 신안군흑산면 태도리 산309-1 내연발전소 뒤44152 내연발전소 뒤,흑산도기상대(169),34.395,125.2995
798,홍도,전라남도 신안군흑산면 홍도1길53(홍도분교),흑산도기상대(169),34.6855,125.1924
799,낙월도,전라남도 영광군낙월면 상낙월리357 낙월면사무소,광주지방기상청(156),35.2022,126.1376
800,평해,경상북도 울진군평해읍 평해리510,안동기상대(136),36.7257,129.4437
801,영양,경상북도 영양군영양읍 감천리646-2,안동기상대(136),36.625,129.088
802,온정,경상북도 울진군온정면 외선미리63번지,안동기상대(136),36.7574,129.3401
803,옥산,경상북도 의성군옥산면 금봉로27(구성리 408-1) 옥산중학교,대구(구 143),36.3947,128.8115
804,청하,경상북도 포항시북구 청하면미남리 629-5,포항기상대(138),36.1906,129.3392
805,죽장,경상북도 포항시북구 죽장면방흥리 276,포항기상대(138),36.1793,129.0943
806,선산,경상북도 구미시선산읍 김선로963 구미시농업기술센터,대구(구 143),36.2334,128.2903
807,의흥,대구광역시 군위군의흥면 수서리581-1,대구(구 143),36.1797,128.6932
808,호미곶,경상북도 포항시남구 호미곶면대보리 287-1 호미곶광장,포항기상대(138),36.076,129.5667
809,대덕,경상북도 김천시대덕면 중산리429-3,대구(구 143),35.9354,127.9792
810,성주,경상북도 성주군성주읍 성주로3293-81 성주군하수종말처리장,대구(구 143),35.9255,128.2985
811,황성,경상북도 경주시황성동 957황성공원내,포항기상대(138),35.863,129.2093
812,고령,경상북도 고령군 대가야읍 일량본길 137고령군 농업기술센터,대구(구 143),35.696,128.2821
813,청도,경상북도 청도군화양읍 송북리278,대구(구 143),35.654,128.7318
814,부석,경상북도 영주시부석면 소백로3790(소천리 215) 아람진펜션,안동기상대(136),36.9792,128.661
815,예천,경상북도 예천군예천읍 충효로433 예천군농업기술센터,안동기상대(136),36.66,128.4646
816,구룡포,경상북도 포항시 남구 구룡포읍 병포길52번길 41병포정수장,포항기상대(138),35.9831,129.5475
817,수비,경상북도 영양군수비면 수하리산107-18번지,안동기상대(136),36.7827,129.2212
818,마성,경상북도 문경시 마성면 문경골프장길 240문경GC (네비게이션: 문경시 마성면 봉명길 406),안동기상대(136),36.7078,128.1479
819,예안,경상북도 안동시예안면 임예로1896(정산리 642) 예안119지역대,안동기상대(136),36.6588,128.8864
820,하회,경상북도 안동시풍천면 전서로216(하회리 284) 하회마을관리사무소,안동기상대(136),36.5482,128.5267
821,공성,경상북도 상주시공성면 웅산로1094 경상북도농업기술원 상주감시험장,대구(구 143),36.2819,128.0739
822,김천,경상북도 김천시덕곡동 1045 (덕곡체육공원),대구(구 143),36.1199,128.1552
823,군위,대구광역시 군위군군위읍 내량리1-41,대구(구 143),36.2493,128.5558
825,칠곡,경상북도 칠곡군약목면 동덕로146 칠곡군농업기술센터,대구(구 143),36.0398,128.3813
826,신녕,경상북도 영천시신녕면 큰골길9 신녕초등학교,대구(구 143),36.0471,128.79
827,경산,경상북도 경산시 남매로 158경산보건소 (중방동),대구(구 143),35.8243,128.743
828,달성,대구광역시 달성군 현풍읍 현풍서로 147대구환경공단 달성사업소,대구(구 143),35.6902,128.4238
829,외동,경상북도 경주시 외동읍 순금2길 8-15(구)외동정수장,포항기상대(138),35.7121,129.3182
830,기계,경상북도 포항시북구 기계면새마을발상지길46 기계면새마을발상지운동장,포항기상대(138),36.0689,129.1996
831,석포,경상북도 봉화군석포면 대현리산13-103 청옥산자연휴양림,안동기상대(136),37.0401,128.9971
832,단북,경상북도 의성군단북면 노연리 380-1(의성군민체육센터),대구(구 143),36.3907,128.4286
833,은척,경상북도 상주시은척면 남곡리 661(상주시 한방산업단지관리사업소),대구(구 143),36.5383,128.0419
834,화서,경상북도 상주시화서면 달천리 350-5 (국립식량과학원 상주출장소),대구(구 143),36.4412,127.9442
835,봉화읍,경상북도 봉화군봉화읍 해저리 578-19,안동기상대(136),36.8932,128.716
836,현서,경상북도 청송군현서면 구산리 61-1,대구(구 143),36.2794,128.896
837,이산,경상북도 영주시이산면 원리 228번지 제3260부대3대대 (네비:웃무리로 70),안동기상대(136),36.8268,128.6429
838,동로,경상북도 문경시동로면 여우목로2319-45 문경오미자연구소,안동기상대(136),36.7907,128.2705
839,길안,경상북도 안동시길안면 천지안길71-3(천지리 731-1) 길안중학교,안동기상대(136),36.4583,128.8954
840,하양,경상북도 경산시하양읍 금락리산121,대구(구 143),35.9126,128.8144
841,화북,경상북도 영천시화북면 오산리1493 화북소공원,대구(구 143),36.0849,128.9111
842,산내,경상북도 경주시산내면 외칠리981-2,포항기상대(138),35.7576,129.011
843,금강송,경상북도 울진군 금강송면 불영계곡로 1720왕피천환경출장소,안동기상대(136),36.9361,129.2501
844,영덕읍,경상북도 영덕군 영덕읍 경동로 8113영덕군농업기술센터,포항기상대(138),36.4355,129.3586
845,대구북구,대구광역시 북구조야로 2길209 대구환경공단 신천사업소,대구(구 143),35.9084,128.5907
846,대구서구,대구광역시 서구중리동 942-1상리배수지,대구(구 143),35.8651,128.531
847,소보,대구광역시 군위군소보면 소보안계로107 국립원예특작과학원,대구(구 143),36.2762,128.4664
848,청도금천,경상북도 청도군금천면 섶마리1길27 금천초등학교,대구(구 143),35.6792,128.8953
849,지보,경상북도 예천군 지보면 소화1길 20-5지보면종합복지회관,안동기상대(136),36.5469,128.3871
850,감포,경상북도 경주시감포읍 나정리630 나정해수욕장,포항기상대(138),35.7847,129.4906
851,소곡,경상북도 울진군북면 박금소야로448,안동기상대(136),37.0514,129.3521
852,죽변,경상북도 울진군죽변면 등대길131 죽변레이더기지,안동기상대(136),37.0606,129.426
853,팔공산,경상북도 칠곡군동명면 한티로1034 팔공산도립공원관리사무소,대구(구 143),36.0183,128.6213
854,삼동,울산광역시 울주군 삼동면 삼동로 404보라컨트리클럽,울산기상대(152),35.4953,129.1357
855,가파도,제주특별자치도 서귀포시가파리 373-1번지,제주지방기상청(184),33.1733,126.2683
856,광양백운산,전라남도 광양시옥룡면 동곡리1113 서울대 남부학술림,광주지방기상청(156),35.1018,127.5982
857,완도읍,전라남도 완도군완도읍 중도리954-1,목포기상대(165),34.3,126.7174
858,지산,전라남도 진도군지산면 인지리 77-128126,목포기상대(165),34.4296,126.1701
859,토함산,경상북도 경주시 문무대왕면 불국로 1208-45(가는길: 캠핑장 방향으로 상행 축구장 가기전 철제시설물 열고 진입),포항기상대(138),35.7549,129.3687
860,신암,대구광역시 동구아양로9길 36,대구(구 143),35.8852,128.619
861,제주김녕,제주특별자치도 제주시구좌읍 김녕리 83-9,제주지방기상청(184),33.5556,126.773
862,송당,제주특별자치도 제주시 구좌읍 중산간동로 2212송당리사무소,제주지방기상청(184),33.4706,126.7792
863,외도,제주특별자치도 제주시외도1동 1019,제주지방기상청(184),33.4769,126.4317
864,완산,전북특별자치도 전주시완산구 남노송동515-33,전주기상대(146),35.8215,127.155
865,오등,제주특별자치도 제주시오등동 1809번지,제주지방기상청(184),33.4577,126.522
866,한라생태숲,제주특별자치도 제주시 516로 2596용강동 산14-1 (용강동),제주지방기상청(184),33.4302,126.5978
867,삼각봉,제주특별자치도 제주시오라2동 산107-20번지,제주지방기상청(184),33.3769,126.5305
868,사제비,제주특별자치도 제주시애월읍 광령리 산183-6번지,제주지방기상청(184),33.376,126.498
869,영실,제주특별자치도 서귀포시영실로 497,제주지방기상청(184),33.3483,126.4964
870,진달래밭,제주특별자치도 서귀포시남원읍 영실로492 진달래밭대피소,제주지방기상청(184),33.3698,126.5557
871,윗세오름,제주특별자치도 제주시애월읍 1100로2070-510 윗세오름대피소,제주지방기상청(184),33.3623,126.5181
872,지리산,경상남도 산청군시천면 지리산대로1 경남환경교육원,창원기상대(155),35.3192,127.7564
873,원주백운산,강원특별자치도 원주시판부면 서곡리 산 166번지 육군 제8839부대 정보통신여단,강릉(구 105),37.2557,127.9702
874,동송,강원특별자치도 철원군 동송읍 상노로 556사단 신병교육대 주차장,춘천기상대(101),38.1416,127.2197
875,설악산,강원특별자치도 양양군서면 대청봉길1 중청대피소,강릉(구 105),38.1211,128.4606
877,문막,강원특별자치도 원주시문막읍 취병리569-13,강릉(구 105),37.3134,127.8049
878,도계,강원특별자치도 삼척시도계읍 황조리강원대 삼척2캠퍼스,강릉(구 105),37.2238,129.0961
879,스키점프,강원특별자치도 평창군대관령면 용산리438-125,강릉(구 105),37.6605,128.6796
880,금악,제주특별자치도 제주시한림읍 금악리산56-3,제주지방기상청(184),33.3328,126.3237
881,새만금,전북특별자치도 부안군변산면 새만금로 462,전주기상대(146),35.7295,126.5289
882,상무대,전라남도 장성군삼서면 학성리사서함 75,광주지방기상청(156),35.2518,126.6042
883,새별오름,제주특별자치도 제주시애월읍 봉성리 4554-22,제주지방기상청(184),33.3623,126.3599
884,서호,제주특별자치도 서귀포시 서호북로 33국립기상과학원 (서호동),제주지방기상청(184),33.2593,126.5176
885,한남,제주특별자치도 서귀포시남원읍 서성로810번길 2,제주지방기상청(184),33.3314,126.6785
886,군산산단,전북특별자치도 군산시 동장산로 32내초공원 (내초동),전주기상대(146),35.9505,126.5912
887,세종연기,세종특별자치시 연기면 세종리825,대전지방기상청(133),36.5033,127.2897
888,청남대,충청북도 청주시상당구 문의면신대리 산26-1,청주기상대(131),36.4627,127.4907
889,현충원,서울특별시 동작구현충로 210국립서울현충원,,37.5004,126.9765
890,제주가시리,제주특별자치도 서귀포시표선면 가시리 산 45-4,제주지방기상청(184),33.3854,126.7336
891,색달,서귀포시 색달동 산50,제주지방기상청(184),33.2913,126.4223
892,성산수산,제주특별자치도 서귀포시성산읍 수산리 3039-1,제주지방기상청(184),33.4501,126.8513
893,애월,제주특별자치도 제주시애월읍 애월리397-2,제주지방기상청(184),33.4659,126.3275
898,장생포,울산기상대(152),,35.5048,129.386
899,마산회원,창원기상대(155),,35.2235,128.5822
900,두서,울산광역시 울주군두서면 구량리500-7번지,울산기상대(152),35.6203,129.1436
901,울기,울산광역시 동구방어동 산23 방어진중대,울산기상대(152),35.4868,129.4353
902,시천,경상남도 산청군시천면 내공리640-1,창원기상대(155),35.2423,127.819
903,도천,경상남도 창녕군도천면 우강리 841-36 영산천배수장,울산기상대(152),35.4039,128.5149
904,사상,부산광역시 사상구삼락동 29-43 삼락생태공원,부산지방기상청(159),35.1694,128.9751
905,양산상북,경상남도 양산시상북면 좌삼리 497-9 제5870부대 3대대,울산기상대(152),35.4414,129.0429
906,화개,경상남도 하동군화개면 화개로541-6 지리산국립공원사무소 하동분소,창원기상대(155),35.2324,127.6427
907,삼천포,경상남도 사천시대방동 136-3,창원기상대(155),34.9321,128.0631
908,진해,경상남도 창원시 진해구성내동 476-2 창원시농업기술센터 도시농업과,창원기상대(155),35.1122,128.7537
909,서이말,경상남도 거제시일운면 서이말길478 서이말항로표지관리소,부산지방기상청(159),34.7877,128.7383
910,영도,부산광역시 영도구 본산로 54충렬대대 1대대(동삼동),부산지방기상청(159),35.0661,129.0742
911,매물도,경상남도 통영시한산면 매죽리 39-9,부산지방기상청(159),34.6489,128.5772
912,백천,경상남도 함양군백천리 409-2 함양군농업기술센터 시범포,창원기상대(155),35.5263,127.7784
913,상주면,경상남도 남해군상주면 상주로60번길69 한려해상체육공원,부산지방기상청(159),34.7238,127.9816
914,서하,경상남도 함양군서하면 봉전리1331-9,창원기상대(155),35.6376,127.7156
915,삼가,경상남도 합천군두모리 192-9,울산기상대(152),35.4135,128.1018
916,단성,경상남도 산청군단성면 강누리 38-3,창원기상대(155),35.3111,127.967
917,사천,경상남도 사천시용현면 진삼로902 사천농업기술센터,창원기상대(155),35.0369,128.0677
918,고성,경상남도 고성군고성읍 죽계리435-230,부산지방기상청(159),34.9905,128.3309
919,창녕,경상남도 창녕군대지면 효정리600,울산기상대(152),35.5514,128.4767
920,함안,경상남도 함안군가야읍 산서리 928(함안대로 755 함안군농업기술센터),창원기상대(155),35.2961,128.3994
921,가덕도,부산광역시 강서구 외양포로 10진해 항만방어진대 263레이더기지 (대항동),부산지방기상청(159),34.9931,128.8314
922,단장,경상남도 밀양시단장면 고례리1710번지,울산기상대(152),35.4865,128.9291
923,기장,부산광역시 기장군 일광읍 일광로 379(지번: 일광읍 이천리 산1-3) 128레이더기지,부산지방기상청(159),35.2751,129.2511
924,간절곶,울산광역시 울주군서생면 간절곶1길 39-2 간절곶항로표지관리소,울산기상대(152),35.3587,129.3603
925,생림,경상남도 김해시생림면 마사리666-9번지,부산지방기상청(159),35.3744,128.823
926,진북,경상남도 창원시 마산합포구진북면 덕곡덕기길 276,창원기상대(155),35.1262,128.4748
927,송백,경상남도 밀양시산내면 송백리1532-1번지,울산기상대(152),35.582,128.8837
928,웅상,부산지방기상청(159),,35.4162,129.1731
929,개천,경상남도 고성군개천면 청광리418-8,부산지방기상청(159),35.1137,128.307
930,사량도,경상남도 통영시사량면 양지리 187-15,부산지방기상청(159),34.8099,128.2381
931,욕지도,경상남도 통영시욕지면 동항리376-3,부산지방기상청(159),34.6223,128.2735
932,하동,경상남도 하동군하동읍 신기리441-2 441-5,창원기상대(155),35.0606,127.7666
933,금남,경상남도 하동군금남면 덕천리842-4 덕천가압장,창원기상대(155),34.9968,127.8324
934,수곡,경상남도 진주시수곡면 사곡리 96-9,창원기상대(155),35.2214,127.9285
935,청덕,경상남도 합천군가현리 776-1,울산기상대(152),35.5698,128.3411
937,해운대,부산광역시 해운대구우동3로 9453사단 사령부,부산지방기상청(159),35.1761,129.1624
938,부산진,부산광역시 부산진구 백양대로320번길 99126여단 4대대(개금동),부산지방기상청(159),35.1589,129.0193
939,금정구,부산광역시 금정구체육공원로 399번길324,부산지방기상청(159),35.2932,129.1035
940,동래,부산광역시 동래구동래역사관길 18,부산지방기상청(159),35.2091,129.0901
941,북구,부산광역시 북구덕천2동 763,부산지방기상청(159),35.213,129.0026
942,부산남구,부산광역시 남구감만동 산44-1방공대대 지상,부산지방기상청(159),35.1186,129.0884
943,매곡,울산광역시 북구매곡동 838-31 기박산성 의병테마파크,울산기상대(152),35.6671,129.375
944,길곡,경상남도 창녕군길곡면 증산리 901-1,울산기상대(152),35.3852,128.5701
945,대병,경상남도 합천군대병면 하금리575,울산기상대(152),35.5345,127.9901
946,북상,경상남도 거창군 북상면 송계로 731-18북상초등학교,울산기상대(152),35.78,127.8183
947,명사,경상남도 거제시남부면 저구리423-3,부산지방기상청(159),34.7219,128.5908
948,삼장,경상남도 산청군삼장면 덕교리618-3,창원기상대(155),35.3107,127.8345
949,정자,울산광역시 북구 동해안로 1730신명중대(7765부대 2대대 5중대) (산하동),울산기상대(152),35.6375,129.4412
950,사하,부산광역시 사하구 다대로83번길 110126여단 4대대(괴정동),부산지방기상청(159),35.09,128.9839
951,내장산,전북특별자치도 정읍시 내장호반로 273-17내장산 자연생태학습장 (내장동),전주기상대(146),35.5087,126.9073
953,장목,경상남도 거제시장목면 장목리360-12,부산지방기상청(159),34.9984,128.6798
954,온산,울산광역시 울주군온산읍 이진리 산45-1,울산기상대(152),35.431,129.3601
955,서수도,인천기상대(112),,37.325,126.3933
956,가대암,,,36.77,125.9767
957,십이동파,전주기상대(146),,35.9867,126.225
958,갈매여,전주기상대(146),,35.6133,126.245
959,해수서,광주지방기상청(156),,34.2633,126.0267
960,지귀도,제주지방기상청(184),,33.2233,126.6542
961,간여암,광주지방기상청(156),,34.285,127.8578
962,광안,부산지방기상청(159),,35.1317,129.1358
963,이덕서,울산기상대(152),,35.5667,129.475
964,마량,전라남도 강진군마량면 마량리1132-11,목포기상대(165),34.459,126.8157
965,한라산남벽,제주지방기상청(184),,33.3524,126.533
966,풍도,인천기상대(112),,37.1161,126.3856
967,도리도,인천기상대(112),,37.1189,126.6128
968,남항,부산지방기상청(159),,35.081,129.045
969,북항,부산지방기상청(159),,35.091,129.127
970,철원장흥,강원특별자치도 철원군 동송읍 장흥로 311철원농업기술센터 농지,춘천기상대(101),38.2016,127.2502
971,수원(농),경기도 수원시 권선구서호로 149(수도권기상청),,37.2721,126.9853
972,안동옥동,경상북도 안동시하이마로 385(옥동1202) 한국생명과학고등학교,안동기상대(136),36.5498,128.6834
973,화순능주,전라남도 화순군능주면 만수리 794-42275,광주지방기상청(156),35.0233,126.9496
975,전주(농),전북특별자치도 익산시 신흥동270 전북농업기술원,전주기상대(146),35.945,126.9943
984,오륙도,부산지방기상청(159),,35.091,129.127
989,안덕화순,제주지방기상청(184),,33.2579,126.3299
990,낙천,제주지방기상청(184),,33.3182,126.2305
991,옥포,대구(구 143),,35.8028,128.4456
992,하빈,대구광역시 달성군하빈면 현내리 325-3 (국립식량과학원 대구시험지),대구(구 143),35.9062,128.4464
993,제주금악,제주지방기상청(184),,33.3423,126.3099
994,심포,전주기상대(146),,35.8545,126.6421
995,오천,포항기상대(138),,35.9286,129.3822
996,화동,대구(구 143),,36.3721,127.8949
